-- 2. Insertar datos en la tabla CARRERA
INSERT INTO MOVILES.CARRERA (CODIGO_CARRERA, NOMBRE, TITULO) VALUES ('IC', 'Ingeniería en Computación', 'Bachillerato en Ingeniería en Computación');
INSERT INTO MOVILES.CARRERA (CODIGO_CARRERA, NOMBRE, TITULO) VALUES ('II', 'Ingeniería Industrial', 'Bachillerato en Ingeniería Industrial');
INSERT INTO MOVILES.CARRERA (CODIGO_CARRERA, NOMBRE, TITULO) VALUES ('AD', 'Administración de Empresas', 'Bachillerato en Administración de Empresas');
INSERT INTO MOVILES.CARRERA (CODIGO_CARRERA, NOMBRE, TITULO) VALUES ('CP', 'Contaduría Pública', 'Bachillerato en Contaduría Pública');

-- 3. Insertar datos en la tabla CURSO
-- Cursos de Ingeniería en Computación
INSERT INTO MOVILES.CURSO (CODIGO_CURSO, NOMBRE, CREDITOS, HORAS_SEMANALES) VALUES ('IC-101', 'Introducción a la Programación', 4, 5);
INSERT INTO MOVILES.CURSO (CODIGO_CURSO, NOMBRE, CREDITOS, HORAS_SEMANALES) VALUES ('IC-102', 'Estructuras de Datos', 4, 5);
INSERT INTO MOVILES.CURSO (CODIGO_CURSO, NOMBRE, CREDITOS, HORAS_SEMANALES) VALUES ('IC-201', 'Bases de Datos I', 4, 5);
INSERT INTO MOVILES.CURSO (CODIGO_CURSO, NOMBRE, CREDITOS, HORAS_SEMANALES) VALUES ('IC-202', 'Programación Orientada a Objetos', 4, 5);
INSERT INTO MOVILES.CURSO (CODIGO_CURSO, NOMBRE, CREDITOS, HORAS_SEMANALES) VALUES ('IC-301', 'Desarrollo de Aplicaciones Móviles', 4, 5);
INSERT INTO MOVILES.CURSO (CODIGO_CURSO, NOMBRE, CREDITOS, HORAS_SEMANALES) VALUES ('IC-302', 'Redes de Computadoras', 4, 5);

-- Cursos de Ingeniería Industrial
INSERT INTO MOVILES.CURSO (CODIGO_CURSO, NOMBRE, CREDITOS, HORAS_SEMANALES) VALUES ('II-101', 'Introducción a la Ingeniería Industrial', 3, 4);
INSERT INTO MOVILES.CURSO (CODIGO_CURSO, NOMBRE, CREDITOS, HORAS_SEMANALES) VALUES ('II-102', 'Estadística I', 4, 5);
INSERT INTO MOVILES.CURSO (CODIGO_CURSO, NOMBRE, CREDITOS, HORAS_SEMANALES) VALUES ('II-201', 'Investigación de Operaciones', 4, 5);
INSERT INTO MOVILES.CURSO (CODIGO_CURSO, NOMBRE, CREDITOS, HORAS_SEMANALES) VALUES ('II-202', 'Control de Calidad', 3, 4);

-- Cursos generales
INSERT INTO MOVILES.CURSO (CODIGO_CURSO, NOMBRE, CREDITOS, HORAS_SEMANALES) VALUES ('MA-101', 'Cálculo I', 4, 5);
INSERT INTO MOVILES.CURSO (CODIGO_CURSO, NOMBRE, CREDITOS, HORAS_SEMANALES) VALUES ('MA-102', 'Cálculo II', 4, 5);
INSERT INTO MOVILES.CURSO (CODIGO_CURSO, NOMBRE, CREDITOS, HORAS_SEMANALES) VALUES ('FI-101', 'Física General', 4, 5);
INSERT INTO MOVILES.CURSO (CODIGO_CURSO, NOMBRE, CREDITOS, HORAS_SEMANALES) VALUES ('ES-101', 'Español', 3, 4);
INSERT INTO MOVILES.CURSO (CODIGO_CURSO, NOMBRE, CREDITOS, HORAS_SEMANALES) VALUES ('IN-101', 'Inglés I', 3, 4);

-- 4. Insertar datos en la tabla CARRERA_CURSO
-- Carrera de Ingeniería en Computación
INSERT INTO MOVILES.CARRERA_CURSO (CODIGO_CARRERA, CODIGO_CURSO, ANIO, CICLO, ORDEN) VALUES ('IC', 'IC-101', 1, 1, 1);
INSERT INTO MOVILES.CARRERA_CURSO (CODIGO_CARRERA, CODIGO_CURSO, ANIO, CICLO, ORDEN) VALUES ('IC', 'MA-101', 1, 1, 2);
INSERT INTO MOVILES.CARRERA_CURSO (CODIGO_CARRERA, CODIGO_CURSO, ANIO, CICLO, ORDEN) VALUES ('IC', 'FI-101', 1, 1, 3);
INSERT INTO MOVILES.CARRERA_CURSO (CODIGO_CARRERA, CODIGO_CURSO, ANIO, CICLO, ORDEN) VALUES ('IC', 'IC-102', 1, 2, 1);
INSERT INTO MOVILES.CARRERA_CURSO (CODIGO_CARRERA, CODIGO_CURSO, ANIO, CICLO, ORDEN) VALUES ('IC', 'MA-102', 1, 2, 2);
INSERT INTO MOVILES.CARRERA_CURSO (CODIGO_CARRERA, CODIGO_CURSO, ANIO, CICLO, ORDEN) VALUES ('IC', 'IN-101', 1, 2, 3);
INSERT INTO MOVILES.CARRERA_CURSO (CODIGO_CARRERA, CODIGO_CURSO, ANIO, CICLO, ORDEN) VALUES ('IC', 'IC-201', 2, 1, 1);
INSERT INTO MOVILES.CARRERA_CURSO (CODIGO_CARRERA, CODIGO_CURSO, ANIO, CICLO, ORDEN) VALUES ('IC', 'IC-202', 2, 1, 2);
INSERT INTO MOVILES.CARRERA_CURSO (CODIGO_CARRERA, CODIGO_CURSO, ANIO, CICLO, ORDEN) VALUES ('IC', 'IC-301', 3, 1, 1);
INSERT INTO MOVILES.CARRERA_CURSO (CODIGO_CARRERA, CODIGO_CURSO, ANIO, CICLO, ORDEN) VALUES ('IC', 'IC-302', 3, 2, 1);

-- Carrera de Ingeniería Industrial
INSERT INTO MOVILES.CARRERA_CURSO (CODIGO_CARRERA, CODIGO_CURSO, ANIO, CICLO, ORDEN) VALUES ('II', 'II-101', 1, 1, 1);
INSERT INTO MOVILES.CARRERA_CURSO (CODIGO_CARRERA, CODIGO_CURSO, ANIO, CICLO, ORDEN) VALUES ('II', 'MA-101', 1, 1, 2);
INSERT INTO MOVILES.CARRERA_CURSO (CODIGO_CARRERA, CODIGO_CURSO, ANIO, CICLO, ORDEN) VALUES ('II', 'FI-101', 1, 1, 3);
INSERT INTO MOVILES.CARRERA_CURSO (CODIGO_CARRERA, CODIGO_CURSO, ANIO, CICLO, ORDEN) VALUES ('II', 'II-102', 1, 2, 1);
INSERT INTO MOVILES.CARRERA_CURSO (CODIGO_CARRERA, CODIGO_CURSO, ANIO, CICLO, ORDEN) VALUES ('II', 'MA-102', 1, 2, 2);
INSERT INTO MOVILES.CARRERA_CURSO (CODIGO_CARRERA, CODIGO_CURSO, ANIO, CICLO, ORDEN) VALUES ('II', 'IN-101', 1, 2, 3);
INSERT INTO MOVILES.CARRERA_CURSO (CODIGO_CARRERA, CODIGO_CURSO, ANIO, CICLO, ORDEN) VALUES ('II', 'II-201', 2, 1, 1);
INSERT INTO MOVILES.CARRERA_CURSO (CODIGO_CARRERA, CODIGO_CURSO, ANIO, CICLO, ORDEN) VALUES ('II', 'II-202', 2, 2, 1);

-- 5. Insertar datos en la tabla PROFESOR
INSERT INTO MOVILES.PROFESOR (CEDULA, NOMBRE, TELEFONO, EMAIL) VALUES ('108760123', 'María Rodríguez Vargas', '88889999', 'mrodriguez@universidad.edu');
INSERT INTO MOVILES.PROFESOR (CEDULA, NOMBRE, TELEFONO, EMAIL) VALUES ('205670234', 'Carlos Pérez Soto', '88881111', 'cperez@universidad.edu');
INSERT INTO MOVILES.PROFESOR (CEDULA, NOMBRE, TELEFONO, EMAIL) VALUES ('304560345', 'Ana Martínez Jiménez', '88882222', 'amartinez@universidad.edu');
INSERT INTO MOVILES.PROFESOR (CEDULA, NOMBRE, TELEFONO, EMAIL) VALUES ('403450456', 'Luis Gómez Fernández', '88883333', 'lgomez@universidad.edu');
INSERT INTO MOVILES.PROFESOR (CEDULA, NOMBRE, TELEFONO, EMAIL) VALUES ('502340567', 'Sofía Ramírez Castro', '88884444', 'sramirez@universidad.edu');
INSERT INTO MOVILES.PROFESOR (CEDULA, NOMBRE, TELEFONO, EMAIL) VALUES ('601230678', 'Jorge Herrera Mora', '88885555', 'jherrera@universidad.edu');

-- 6. Insertar datos en la tabla ALUMNO
-- Alumnos de Ingeniería en Computación
INSERT INTO MOVILES.ALUMNO (CEDULA, NOMBRE, TELEFONO, EMAIL, FECHA_NACIMIENTO, CODIGO_CARRERA) VALUES ('118760123', 'Juan Pérez Rojas', '88880001', 'jperez@estudiantil.edu', TO_DATE('15/05/2000', 'DD/MM/YYYY'), 'IC');
INSERT INTO MOVILES.ALUMNO (CEDULA, NOMBRE, TELEFONO, EMAIL, FECHA_NACIMIENTO, CODIGO_CARRERA) VALUES ('217670234', 'María Fernández López', '88880002', 'mfernandez@estudiantil.edu', TO_DATE('22/08/2001', 'DD/MM/YYYY'), 'IC');
INSERT INTO MOVILES.ALUMNO (CEDULA, NOMBRE, TELEFONO, EMAIL, FECHA_NACIMIENTO, CODIGO_CARRERA) VALUES ('316560345', 'Pedro González Sánchez', '88880003', 'pgonzalez@estudiantil.edu', TO_DATE('10/03/1999', 'DD/MM/YYYY'), 'IC');
INSERT INTO MOVILES.ALUMNO (CEDULA, NOMBRE, TELEFONO, EMAIL, FECHA_NACIMIENTO, CODIGO_CARRERA) VALUES ('415450456', 'Laura Díaz Martínez', '88880004', 'ldiaz@estudiantil.edu', TO_DATE('05/11/2000', 'DD/MM/YYYY'), 'IC');
INSERT INTO MOVILES.ALUMNO (CEDULA, NOMBRE, TELEFONO, EMAIL, FECHA_NACIMIENTO, CODIGO_CARRERA) VALUES ('514340567', 'Carlos Mora Rodríguez', '88880005', 'cmora@estudiantil.edu', TO_DATE('18/07/2001', 'DD/MM/YYYY'), 'IC');

-- Alumnos de Ingeniería Industrial
INSERT INTO MOVILES.ALUMNO (CEDULA, NOMBRE, TELEFONO, EMAIL, FECHA_NACIMIENTO, CODIGO_CARRERA) VALUES ('613230678', 'Ana Castro Jiménez', '88880006', 'acastro@estudiantil.edu', TO_DATE('30/01/2000', 'DD/MM/YYYY'), 'II');
INSERT INTO MOVILES.ALUMNO (CEDULA, NOMBRE, TELEFONO, EMAIL, FECHA_NACIMIENTO, CODIGO_CARRERA) VALUES ('712120789', 'Roberto Soto Herrera', '88880007', 'rsoto@estudiantil.edu', TO_DATE('12/09/1999', 'DD/MM/YYYY'), 'II');
INSERT INTO MOVILES.ALUMNO (CEDULA, NOMBRE, TELEFONO, EMAIL, FECHA_NACIMIENTO, CODIGO_CARRERA) VALUES ('811010890', 'Sofía Vargas Ramírez', '88880008', 'svargas@estudiantil.edu', TO_DATE('25/04/2001', 'DD/MM/YYYY'), 'II');
INSERT INTO MOVILES.ALUMNO (CEDULA, NOMBRE, TELEFONO, EMAIL, FECHA_NACIMIENTO, CODIGO_CARRERA) VALUES ('910900901', 'Diego Rojas Pérez', '88880009', 'drojas@estudiantil.edu', TO_DATE('08/12/2000', 'DD/MM/YYYY'), 'II');

-- 7. Insertar datos en la tabla CICLO
INSERT INTO MOVILES.CICLO (ANIO, NUMERO, FECHA_INICIO, FECHA_FIN, ACTIVO) VALUES (2023, 1, TO_DATE('06/03/2023', 'DD/MM/YYYY'), TO_DATE('30/06/2023', 'DD/MM/YYYY'), 0);
INSERT INTO MOVILES.CICLO (ANIO, NUMERO, FECHA_INICIO, FECHA_FIN, ACTIVO) VALUES (2023, 2, TO_DATE('07/08/2023', 'DD/MM/YYYY'), TO_DATE('01/12/2023', 'DD/MM/YYYY'), 0);
INSERT INTO MOVILES.CICLO (ANIO, NUMERO, FECHA_INICIO, FECHA_FIN, ACTIVO) VALUES (2024, 1, TO_DATE('04/03/2024', 'DD/MM/YYYY'), TO_DATE('28/06/2024', 'DD/MM/YYYY'), 1);

-- 8. Insertar datos en la tabla GRUPO
-- Grupos para el ciclo 2024-1 (activo)
INSERT INTO MOVILES.GRUPO (CICLO_ID, CODIGO_CURSO, NUMERO_GRUPO, HORARIO, CEDULA_PROFESOR) VALUES (3, 'IC-101', 1, 'Lunes y Miércoles 8:00-10:30', '108760123');
INSERT INTO MOVILES.GRUPO (CICLO_ID, CODIGO_CURSO, NUMERO_GRUPO, HORARIO, CEDULA_PROFESOR) VALUES (3, 'IC-101', 2, 'Martes y Jueves 10:00-12:30', '205670234');
INSERT INTO MOVILES.GRUPO (CICLO_ID, CODIGO_CURSO, NUMERO_GRUPO, HORARIO, CEDULA_PROFESOR) VALUES (3, 'MA-101', 1, 'Lunes y Miércoles 10:30-13:00', '304560345');
INSERT INTO MOVILES.GRUPO (CICLO_ID, CODIGO_CURSO, NUMERO_GRUPO, HORARIO, CEDULA_PROFESOR) VALUES (3, 'FI-101', 1, 'Martes y Viernes 13:00-15:30', '403450456');
INSERT INTO MOVILES.GRUPO (CICLO_ID, CODIGO_CURSO, NUMERO_GRUPO, HORARIO, CEDULA_PROFESOR) VALUES (3, 'IC-201', 1, 'Lunes y Jueves 14:00-16:30', '502340567');
INSERT INTO MOVILES.GRUPO (CICLO_ID, CODIGO_CURSO, NUMERO_GRUPO, HORARIO, CEDULA_PROFESOR) VALUES (3, 'II-101', 1, 'Martes y Viernes 8:00-10:30', '601230678');

-- 9. Insertar datos en la tabla USUARIO
-- Administrador
INSERT INTO MOVILES.USUARIO (CEDULA, CLAVE, TIPO_USUARIO) VALUES ('101010101', 'admin123', 'ADMINISTRADOR');

-- Matriculador
INSERT INTO MOVILES.USUARIO (CEDULA, CLAVE, TIPO_USUARIO) VALUES ('202020202', 'matriculador123', 'MATRICULADOR');

-- Profesores
INSERT INTO MOVILES.USUARIO (CEDULA, CLAVE, TIPO_USUARIO) VALUES ('108760123', 'profesor123', 'PROFESOR');
INSERT INTO MOVILES.USUARIO (CEDULA, CLAVE, TIPO_USUARIO) VALUES ('205670234', 'profesor123', 'PROFESOR');
INSERT INTO MOVILES.USUARIO (CEDULA, CLAVE, TIPO_USUARIO) VALUES ('304560345', 'profesor123', 'PROFESOR');
INSERT INTO MOVILES.USUARIO (CEDULA, CLAVE, TIPO_USUARIO) VALUES ('403450456', 'profesor123', 'PROFESOR');
INSERT INTO MOVILES.USUARIO (CEDULA, CLAVE, TIPO_USUARIO) VALUES ('502340567', 'profesor123', 'PROFESOR');
INSERT INTO MOVILES.USUARIO (CEDULA, CLAVE, TIPO_USUARIO) VALUES ('601230678', 'profesor123', 'PROFESOR');

-- Alumnos
INSERT INTO MOVILES.USUARIO (CEDULA, CLAVE, TIPO_USUARIO) VALUES ('118760123', 'alumno123', 'ALUMNO');
INSERT INTO MOVILES.USUARIO (CEDULA, CLAVE, TIPO_USUARIO) VALUES ('217670234', 'alumno123', 'ALUMNO');
INSERT INTO MOVILES.USUARIO (CEDULA, CLAVE, TIPO_USUARIO) VALUES ('316560345', 'alumno123', 'ALUMNO');
INSERT INTO MOVILES.USUARIO (CEDULA, CLAVE, TIPO_USUARIO) VALUES ('415450456', 'alumno123', 'ALUMNO');
INSERT INTO MOVILES.USUARIO (CEDULA, CLAVE, TIPO_USUARIO) VALUES ('514340567', 'alumno123', 'ALUMNO');
INSERT INTO MOVILES.USUARIO (CEDULA, CLAVE, TIPO_USUARIO) VALUES ('613230678', 'alumno123', 'ALUMNO');
INSERT INTO MOVILES.USUARIO (CEDULA, CLAVE, TIPO_USUARIO) VALUES ('712120789', 'alumno123', 'ALUMNO');
INSERT INTO MOVILES.USUARIO (CEDULA, CLAVE, TIPO_USUARIO) VALUES ('811010890', 'alumno123', 'ALUMNO');
INSERT INTO MOVILES.USUARIO (CEDULA, CLAVE, TIPO_USUARIO) VALUES ('910900901', 'alumno123', 'ALUMNO');

-- 10. Insertar datos en la tabla MATRICULA
-- Matrículas para el ciclo activo (2024-1)
INSERT INTO MOVILES.MATRICULA (GRUPO_ID, CEDULA_ALUMNO, NOTA) VALUES (1, '118760123', NULL);
INSERT INTO MOVILES.MATRICULA (GRUPO_ID, CEDULA_ALUMNO, NOTA) VALUES (1, '217670234', NULL);
INSERT INTO MOVILES.MATRICULA (GRUPO_ID, CEDULA_ALUMNO, NOTA) VALUES (1, '316560345', NULL);
INSERT INTO MOVILES.MATRICULA (GRUPO_ID, CEDULA_ALUMNO, NOTA) VALUES (2, '415450456', NULL);
INSERT INTO MOVILES.MATRICULA (GRUPO_ID, CEDULA_ALUMNO, NOTA) VALUES (2, '514340567', NULL);
INSERT INTO MOVILES.MATRICULA (GRUPO_ID, CEDULA_ALUMNO, NOTA) VALUES (3, '118760123', NULL);
INSERT INTO MOVILES.MATRICULA (GRUPO_ID, CEDULA_ALUMNO, NOTA) VALUES (3, '217670234', NULL);
INSERT INTO MOVILES.MATRICULA (GRUPO_ID, CEDULA_ALUMNO, NOTA) VALUES (4, '316560345', NULL);
INSERT INTO MOVILES.MATRICULA (GRUPO_ID, CEDULA_ALUMNO, NOTA) VALUES (4, '415450456', NULL);
INSERT INTO MOVILES.MATRICULA (GRUPO_ID, CEDULA_ALUMNO, NOTA) VALUES (5, '514340567', NULL);
INSERT INTO MOVILES.MATRICULA (GRUPO_ID, CEDULA_ALUMNO, NOTA) VALUES (6, '613230678', NULL);
INSERT INTO MOVILES.MATRICULA (GRUPO_ID, CEDULA_ALUMNO, NOTA) VALUES (6, '712120789', NULL);

COMMIT;